Name,Image
Jack,https://i.ibb.co/RzMxbfW/jack.jpg
Joey,https://i.ibb.co/Jn3cbSb/joey.jpg
Joe,https://i.ibb.co/4Fd60H3/joe.jpg
Mark,https://i.ibb.co/BcpyX8g/mark.jpg
Aaron,https://i.ibb.co/M6vBc8S/aaron.jpg
Luke,https://i.ibb.co/D8YB9cJ/luke.jpg
Matt,https://i.ibb.co/rQcpQwV/matt.jpg
Greg,https://i.ibb.co/2jXyPTk/greg.jpg
Doug,https://i.ibb.co/qMc4t11/doug.jpg
Reece,https://i.ibb.co/CWr1wJf/reece.jpg
Ben,
JD,https://i.ibb.co/syVLDrZ/js.jpg
Bad at Sex Matt,https://i.ibb.co/StHGP4P/basmatt.jpg
Tommy,https://i.ibb.co/YtqT43x/tommy.jpg
Wes,https://i.ibb.co/zfMkg1r/wes.jpg
Ron,https://i.ibb.co/wrb2Dk4/ron.jpg
Sara's Matt,https://i.ibb.co/pycp40C/saramatt.jpg
Brendan,https://i.ibb.co/BBTgW4B/brendan.jpg
Tanner,https://i.ibb.co/wwZK7wm/tanner.jpg
Mike,https://i.ibb.co/CMDfGyZ/mike.jpg